airline,date_of_journey,source,destination,dep_time,arrival_time,duration,total_stops,additional_info,price
Multiple Carriers,2019-06-06,Delhi,Cochin,07:00:00,19:00:00,720,1.0,No Info,12192
Indigo,2019-04-15,Kolkata,Banglore,06:20:00,10:30:00,250,1.0,No Info,4226
Indigo,2019-03-01,Chennai,Kolkata,11:35:00,14:00:00,145,0.0,No Info,7900
Jet Airways,2019-06-03,Delhi,Cochin,18:25:00,12:35:00,1090,2.0,No Info,14237
Jet Airways,2019-05-09,Delhi,Cochin,05:30:00,12:35:00,425,2.0,In-flight meal not included,15544
Indigo,2019-06-01,Delhi,Cochin,16:10:00,22:30:00,380,1.0,No Info,6938
Indigo,2019-05-21,Delhi,Cochin,15:00:00,01:30:00,630,1.0,No Info,6896
Air India,2019-03-09,Delhi,Cochin,16:40:00,19:15:00,1595,2.0,No Info,11911
Vistara,2019-06-15,Banglore,Delhi,17:00:00,19:35:00,155,0.0,No Info,4878
Jet Airways,2019-05-18,Kolkata,Banglore,16:30:00,18:15:00,1545,1.0,In-flight meal not included,10844
Indigo,2019-06-27,Delhi,Cochin,09:15:00,01:30:00,975,1.0,No Info,6628
Vistara,2019-06-09,Kolkata,Banglore,17:00:00,20:20:00,1640,1.0,No Info,8610
Indigo,2019-05-27,Banglore,Delhi,13:00:00,15:50:00,170,0.0,No Info,3943
Air India,2019-05-15,Delhi,Cochin,08:00:00,19:15:00,675,1.0,No Info,8372
Air Asia,2019-06-09,Banglore,Delhi,23:55:00,02:45:00,170,0.0,No Info,7120
Multiple Carriers,2019-05-09,Delhi,Cochin,13:00:00,21:00:00,480,1.0,No Info,13727
Indigo,2019-06-06,Delhi,Cochin,06:50:00,22:30:00,940,1.0,No Info,6674
Air India,2019-04-01,Kolkata,Banglore,19:00:00,04:40:00,580,1.0,No Info,4227
Jet Airways,2019-06-12,Delhi,Cochin,09:40:00,12:35:00,1615,2.0,In-flight meal not included,10368
Jet Airways,2019-05-09,Delhi,Cochin,13:25:00,12:35:00,1390,2.0,No Info,16704
Indigo,2019-03-03,Delhi,Cochin,06:40:00,13:20:00,400,1.0,No Info,14871
Indigo,2019-05-27,Delhi,Cochin,08:35:00,22:30:00,835,1.0,No Info,6442
Jet Airways,2019-06-21,Delhi,Cochin,11:00:00,14:15:00,195,0.0,No Info,9564
Indigo,2019-03-27,Delhi,Cochin,05:35:00,08:50:00,195,0.0,No Info,4729
Air India,2019-05-06,Kolkata,Banglore,09:25:00,15:05:00,1780,2.0,No Info,11542
Indigo,2019-04-15,Delhi,Cochin,08:35:00,16:10:00,455,1.0,No Info,6442
Indigo,2019-04-18,Kolkata,Banglore,15:30:00,18:05:00,155,0.0,No Info,4174
Jet Airways,2019-05-27,Delhi,Cochin,13:00:00,19:00:00,360,1.0,In-flight meal not included,12898
Multiple Carriers,2019-05-18,Delhi,Cochin,17:50:00,01:30:00,460,2.0,No Info,19360
Indigo,2019-03-18,Chennai,Kolkata,11:35:00,14:00:00,145,0.0,No Info,3858
Jet Airways,2019-06-06,Delhi,Cochin,16:00:00,19:00:00,1620,1.0,No Info,14714
Air India,2019-04-01,Kolkata,Banglore,20:30:00,23:15:00,1605,1.0,No Info,7211
Air India,2019-04-01,Kolkata,Banglore,07:00:00,10:00:00,1620,2.0,No Info,9836
Jet Airways,2019-05-15,Banglore,Delhi,08:20:00,11:20:00,180,0.0,In-flight meal not included,4030
Jet Airways,2019-06-12,Delhi,Cochin,09:40:00,19:00:00,560,2.0,In-flight meal not included,10368
Jet Airways,2019-03-06,Banglore,New Delhi,08:00:00,13:15:00,315,1.0,No Info,19225
Air India,2019-05-09,Banglore,Delhi,10:00:00,12:45:00,165,0.0,No Info,5228
Jet Airways,2019-05-18,Kolkata,Banglore,20:00:00,20:45:00,1485,1.0,In-flight meal not included,10844
Spicejet,2019-04-21,Delhi,Cochin,06:05:00,11:20:00,315,1.0,No Info,5583
Air Asia,2019-05-15,Delhi,Cochin,07:55:00,13:25:00,330,1.0,No Info,6451
Vistara,2019-05-06,Kolkata,Banglore,07:10:00,18:50:00,700,1.0,No Info,8610
Indigo,2019-05-15,Kolkata,Banglore,09:35:00,12:20:00,165,0.0,No Info,4804
Indigo,2019-05-09,Delhi,Cochin,05:05:00,12:10:00,425,1.0,No Info,6818
Spicejet,2019-04-21,Kolkata,Banglore,06:55:00,09:30:00,155,0.0,No Info,4174
Jet Airways,2019-06-21,Mumbai,Hyderabad,07:05:00,08:30:00,85,0.0,In-flight meal not included,4995
Spicejet,2019-04-01,Banglore,Delhi,21:10:00,00:05:00,175,0.0,No check-in baggage included,3573
Air India,2019-06-06,Kolkata,Banglore,09:25:00,21:50:00,745,1.0,No Info,8366
Jet Airways,2019-05-12,Kolkata,Banglore,18:55:00,16:20:00,1285,1.0,In-flight meal not included,10844
Indigo,2019-06-09,Delhi,Cochin,09:15:00,21:00:00,705,1.0,No Info,6838
Indigo,2019-06-03,Chennai,Kolkata,14:45:00,17:05:00,140,0.0,No Info,3597
Indigo,2019-05-09,Delhi,Cochin,06:50:00,12:10:00,320,1.0,No Info,5298
Indigo,2019-04-21,Kolkata,Banglore,21:25:00,00:05:00,160,0.0,No Info,4804
Goair,2019-05-21,Delhi,Cochin,07:00:00,12:55:00,355,1.0,No Info,6633
Spicejet,2019-05-12,Banglore,Delhi,05:55:00,08:35:00,160,0.0,No check-in baggage included,3257
Vistara,2019-03-06,Mumbai,Hyderabad,08:45:00,19:55:00,670,1.0,No Info,12395
Air Asia,2019-04-06,Kolkata,Banglore,10:20:00,12:55:00,155,0.0,No Info,3807
Indigo,2019-03-03,Kolkata,Banglore,05:30:00,08:20:00,170,0.0,No Info,4778
Jet Airways,2019-06-24,Delhi,Cochin,05:30:00,04:25:00,1375,2.0,No Info,13292
Air India,2019-06-15,Delhi,Cochin,06:05:00,09:25:00,1640,1.0,No Info,7480
Indigo,2019-05-09,Chennai,Kolkata,13:15:00,15:35:00,140,0.0,No Info,3597
Vistara,2019-04-24,Delhi,Cochin,14:40:00,17:50:00,190,0.0,No Info,6216
Jet Airways,2019-06-12,Delhi,Cochin,14:35:00,12:35:00,1320,2.0,No Info,13376
Air India,2019-06-06,Kolkata,Banglore,08:20:00,21:50:00,810,2.0,No Info,10697
Jet Airways,2019-04-12,Banglore,Delhi,08:20:00,11:20:00,180,0.0,No Info,7229
Jet Airways,2019-06-27,Delhi,Cochin,11:40:00,19:00:00,440,2.0,No Info,18804
Jet Airways,2019-06-12,Kolkata,Banglore,20:00:00,16:20:00,1220,1.0,In-flight meal not included,8529
Jet Airways,2019-06-12,Kolkata,Banglore,14:05:00,18:15:00,1690,1.0,In-flight meal not included,8529
Jet Airways,2019-03-24,Kolkata,Banglore,19:45:00,12:00:00,975,1.0,No Info,14231
Indigo,2019-06-18,Chennai,Kolkata,07:55:00,10:15:00,140,0.0,No Info,3850
Spicejet,2019-06-18,Mumbai,Hyderabad,22:45:00,00:15:00,90,0.0,No Info,2017
Vistara,2019-03-18,Banglore,New Delhi,19:40:00,22:20:00,160,0.0,No Info,12123
Indigo,2019-05-21,Delhi,Cochin,10:35:00,01:30:00,895,1.0,No Info,6794
Jet Airways,2019-03-18,Banglore,New Delhi,18:40:00,00:45:00,365,1.0,No Info,54826
Jet Airways,2019-03-21,Delhi,Cochin,18:15:00,04:25:00,610,1.0,No Info,12557
Air India,2019-03-09,Banglore,New Delhi,22:00:00,13:20:00,920,1.0,No Info,8425
Indigo,2019-06-15,Delhi,Cochin,07:35:00,22:30:00,895,1.0,No Info,6442
Air India,2019-04-01,Kolkata,Banglore,16:50:00,07:55:00,905,1.0,No Info,7893
Jet Airways,2019-06-01,Delhi,Cochin,09:35:00,04:25:00,1130,2.0,No Info,13292
Air India,2019-03-21,Delhi,Cochin,19:00:00,19:15:00,1455,1.0,No Info,6587
Jet Airways,2019-05-21,Kolkata,Banglore,20:00:00,12:00:00,960,1.0,No Info,14781
Jet Airways,2019-04-01,Delhi,Cochin,17:30:00,12:35:00,1145,1.0,In-flight meal not included,5406
Air India,2019-05-15,Kolkata,Banglore,09:25:00,18:30:00,545,1.0,No Info,8891
Indigo,2019-06-27,Chennai,Kolkata,11:35:00,14:00:00,145,0.0,No Info,3858
Jet Airways,2019-05-01,Kolkata,Banglore,17:00:00,09:45:00,1005,1.0,No Info,11467
Air India,2019-05-01,Banglore,Delhi,06:10:00,08:55:00,165,0.0,No Info,6121
Spicejet,2019-04-15,Kolkata,Banglore,06:55:00,09:30:00,155,0.0,No check-in baggage included,3841
Jet Airways,2019-06-24,Delhi,Cochin,14:35:00,04:25:00,830,2.0,No Info,13376
Jet Airways,2019-03-24,Kolkata,Banglore,16:55:00,22:35:00,340,1.0,In-flight meal not included,11134
Air India,2019-03-01,Banglore,New Delhi,17:00:00,08:50:00,950,1.0,1 Long layover,10981
Indigo,2019-05-03,Banglore,Delhi,10:10:00,13:00:00,170,0.0,No Info,3943
Air India,2019-03-06,Delhi,Cochin,06:10:00,08:15:00,1565,1.0,No Info,11038
Jet Airways,2019-06-03,Delhi,Cochin,11:30:00,04:25:00,1015,1.0,In-flight meal not included,11627
Indigo,2019-05-15,Banglore,Delhi,18:55:00,21:50:00,175,0.0,No Info,4823
Indigo,2019-03-09,Delhi,Cochin,06:40:00,16:10:00,570,1.0,No Info,6442
Jet Airways,2019-03-01,Banglore,New Delhi,05:45:00,10:45:00,300,1.0,No Info,52229
Vistara,2019-03-01,Banglore,New Delhi,07:00:00,09:40:00,160,0.0,No Info,21520
Air India,2019-06-24,Delhi,Cochin,18:05:00,21:10:00,185,0.0,No Info,5201
Jet Airways,2019-06-09,Kolkata,Banglore,18:55:00,04:40:00,585,1.0,In-flight meal not included,9663
Jet Airways,2019-05-18,Kolkata,Banglore,20:00:00,22:35:00,1595,1.0,In-flight meal not included,10844
Indigo,2019-04-01,Kolkata,Banglore,19:35:00,23:15:00,220,1.0,No Info,4226
Indigo,2019-03-21,Delhi,Cochin,06:40:00,21:00:00,860,1.0,No Info,8784
Jet Airways,2019-06-15,Delhi,Cochin,08:00:00,19:00:00,660,1.0,No Info,14714
Goair,2019-06-27,Banglore,Delhi,11:40:00,14:30:00,170,0.0,No Info,3898
Indigo,2019-05-27,Banglore,Delhi,04:00:00,06:50:00,170,0.0,No Info,3943
Air Asia,2019-05-06,Kolkata,Banglore,07:35:00,23:30:00,955,1.0,No Info,5192
Spicejet,2019-04-21,Kolkata,Banglore,17:10:00,19:40:00,150,0.0,No check-in baggage included,4807
Air India,2019-03-24,Banglore,New Delhi,17:00:00,19:45:00,165,0.0,No Info,5176
Multiple Carriers,2019-06-06,Delhi,Cochin,08:45:00,19:00:00,615,1.0,No Info,12524
Indigo,2019-06-24,Delhi,Cochin,07:35:00,16:10:00,515,1.0,No Info,6442
Jet Airways,2019-04-01,Kolkata,Banglore,20:25:00,15:05:00,1120,1.0,No Info,11467
Air India,2019-05-09,Delhi,Cochin,05:15:00,06:50:00,1535,1.0,No Info,6587
Jet Airways,2019-03-21,Delhi,Cochin,19:10:00,04:25:00,1995,2.0,No Info,10929
Jet Airways,2019-06-18,Banglore,Delhi,06:00:00,08:45:00,165,0.0,No Info,8016
Air India,2019-03-03,Banglore,New Delhi,00:30:00,08:45:00,495,1.0,No Info,11392
Air India,2019-03-01,Banglore,New Delhi,06:45:00,12:15:00,330,1.0,No Info,23677
Jet Airways,2019-06-15,Delhi,Cochin,02:15:00,12:35:00,620,1.0,No Info,18371
Air India,2019-03-12,Mumbai,Hyderabad,09:40:00,15:15:00,1775,3.0,No Info,18293
Indigo,2019-04-24,Kolkata,Banglore,21:25:00,00:05:00,160,0.0,No Info,4804
Jet Airways,2019-03-12,Banglore,New Delhi,09:45:00,16:00:00,375,1.0,No Info,12295
Jet Airways,2019-06-18,Banglore,Delhi,07:10:00,10:10:00,180,0.0,In-flight meal not included,5769
Indigo,2019-04-12,Banglore,Delhi,10:10:00,13:00:00,170,0.0,No Info,4591
Jet Airways,2019-06-01,Delhi,Cochin,09:40:00,12:35:00,1615,2.0,No Info,13014
Multiple Carriers,2019-06-24,Delhi,Cochin,04:55:00,19:00:00,845,1.0,No Info,10678
Indigo,2019-06-06,Delhi,Cochin,05:35:00,08:50:00,195,0.0,No Info,5601
Jet Airways,2019-06-09,Delhi,Cochin,18:25:00,04:25:00,600,2.0,No Info,14237
Jet Airways,2019-03-21,Delhi,Cochin,19:10:00,04:25:00,1995,2.0,In-flight meal not included,8834
Multiple Carriers,2019-05-06,Delhi,Cochin,13:00:00,21:00:00,480,1.0,No Info,13727
Spicejet,2019-05-18,Delhi,Cochin,15:45:00,22:05:00,380,1.0,No Info,7317
Jet Airways,2019-05-01,Kolkata,Banglore,17:00:00,18:00:00,1500,1.0,No Info,11467
Vistara,2019-05-15,Kolkata,Banglore,07:10:00,23:25:00,975,1.0,No Info,9345
Jet Airways,2019-05-12,Kolkata,Banglore,20:25:00,23:35:00,1630,1.0,In-flight meal not included,8066
Air Asia,2019-05-03,Banglore,Delhi,23:55:00,02:45:00,170,0.0,No Info,4483
Multiple Carriers,2019-03-06,Delhi,Cochin,15:15:00,01:35:00,620,1.0,No Info,15147
Jet Airways,2019-06-09,Kolkata,Banglore,20:25:00,18:00:00,1295,1.0,No Info,13401
Jet Airways,2019-06-06,Delhi,Cochin,13:00:00,19:00:00,360,1.0,No Info,14714
Multiple Carriers,2019-03-09,Delhi,Cochin,00:20:00,07:40:00,440,1.0,In-flight meal not included,13977
Vistara,2019-05-21,Kolkata,Banglore,20:20:00,09:05:00,765,1.0,No Info,8452
Air India,2019-05-15,Kolkata,Banglore,16:45:00,08:55:00,970,2.0,No Info,14960
Jet Airways,2019-06-12,Kolkata,Banglore,09:35:00,09:45:00,1450,1.0,No Info,12692
Air India,2019-06-01,Delhi,Cochin,13:15:00,09:25:00,1210,2.0,No Info,10467
Jet Airways,2019-04-03,Delhi,Cochin,14:00:00,19:00:00,300,1.0,In-flight meal not included,5177
Spicejet,2019-06-12,Kolkata,Banglore,11:35:00,18:50:00,435,1.0,No Info,8479
Jet Airways,2019-06-06,Delhi,Cochin,11:30:00,19:00:00,450,1.0,In-flight meal not included,10262
Jet Airways,2019-05-09,Mumbai,Hyderabad,10:20:00,11:50:00,90,0.0,No Info,8040
Multiple Carriers,2019-06-03,Delhi,Cochin,06:00:00,19:00:00,780,1.0,No Info,13259
Multiple Carriers,2019-05-18,Delhi,Cochin,17:30:00,01:30:00,480,1.0,No Info,13727
Multiple Carriers,2019-06-15,Delhi,Cochin,06:40:00,19:15:00,755,1.0,No Info,8614
Multiple Carriers,2019-04-09,Delhi,Cochin,13:00:00,21:00:00,480,1.0,No Info,12537
Multiple Carriers,2019-06-09,Delhi,Cochin,19:00:00,01:30:00,390,1.0,No Info,7530
Air India,2019-03-06,Delhi,Cochin,13:30:00,08:15:00,1125,1.0,No Info,11563
Indigo,2019-03-15,Banglore,New Delhi,21:20:00,00:15:00,175,0.0,No Info,8033
Jet Airways,2019-06-12,Delhi,Cochin,20:55:00,19:00:00,1325,1.0,In-flight meal not included,10262
Spicejet,2019-05-01,Mumbai,Hyderabad,22:45:00,00:15:00,90,0.0,No Info,2017
Indigo,2019-04-06,Delhi,Cochin,02:00:00,07:25:00,325,1.0,No Info,5046
Indigo,2019-05-27,Delhi,Cochin,23:30:00,04:35:00,305,1.0,No Info,9476
Multiple Carriers,2019-05-09,Delhi,Cochin,10:00:00,19:00:00,540,1.0,No Info,10197
Air India,2019-06-12,Kolkata,Banglore,20:45:00,23:20:00,155,0.0,No Info,4145
Jet Airways,2019-06-06,Kolkata,Banglore,18:55:00,08:15:00,800,1.0,No Info,14571
Multiple Carriers,2019-06-06,Delhi,Cochin,13:00:00,21:00:00,480,1.0,No Info,7408
Multiple Carriers,2019-05-18,Delhi,Cochin,11:30:00,19:15:00,465,1.0,No Info,14533
Multiple Carriers,2019-05-27,Delhi,Cochin,09:00:00,21:00:00,720,1.0,No Info,13587
Multiple Carriers,2019-06-15,Delhi,Cochin,09:45:00,22:30:00,765,1.0,No Info,9646
Jet Airways,2019-03-01,Banglore,New Delhi,14:05:00,21:20:00,435,1.0,No Info,36235
Vistara,2019-05-24,Kolkata,Banglore,20:20:00,22:40:00,1580,1.0,No Info,8452
Jet Airways,2019-06-03,Delhi,Cochin,18:15:00,04:25:00,610,1.0,No Info,14714
Indigo,2019-03-21,Mumbai,Hyderabad,02:30:00,04:00:00,90,0.0,No Info,3603
Jet Airways,2019-06-24,Banglore,Delhi,07:10:00,10:10:00,180,0.0,No Info,8016
Indigo,2019-06-24,Mumbai,Hyderabad,20:05:00,21:40:00,95,0.0,No Info,2227
Jet Airways,2019-05-09,Delhi,Cochin,10:00:00,19:00:00,540,1.0,No Info,15554
Goair,2019-05-24,Banglore,Delhi,11:40:00,14:30:00,170,0.0,No Info,3398
Multiple Carriers,2019-06-12,Delhi,Cochin,11:30:00,21:00:00,570,1.0,No Info,13587
Jet Airways,2019-06-27,Delhi,Cochin,11:30:00,19:00:00,450,1.0,No Info,14714
Jet Airways,2019-03-27,Delhi,Cochin,08:00:00,04:25:00,1225,1.0,In-flight meal not included,6645
Spicejet,2019-03-21,Delhi,Cochin,06:10:00,11:20:00,310,1.0,No Info,6065
Air India,2019-03-21,Banglore,New Delhi,11:50:00,19:50:00,480,1.0,No Info,5932
Goair,2019-03-09,Banglore,New Delhi,15:50:00,20:15:00,265,1.0,No Info,7657
Multiple Carriers,2019-03-27,Delhi,Cochin,06:00:00,21:00:00,900,1.0,No Info,8055
Jet Airways,2019-06-24,Delhi,Cochin,05:30:00,19:00:00,810,2.0,No Info,13014
Air Asia,2019-06-21,Kolkata,Banglore,22:50:00,01:20:00,150,0.0,No Info,3807
Jet Airways,2019-03-06,Delhi,Cochin,16:00:00,19:45:00,1665,1.0,No Info,17024
Vistara,2019-04-18,Banglore,Delhi,21:00:00,23:50:00,170,0.0,No Info,5613
Goair,2019-06-01,Banglore,Delhi,20:55:00,23:40:00,165,0.0,No Info,3898
Spicejet,2019-04-01,Kolkata,Banglore,15:55:00,21:25:00,330,1.0,No Info,7646
Indigo,2019-06-27,Delhi,Cochin,17:10:00,01:30:00,500,1.0,No Info,5684
Air India,2019-03-09,Delhi,Cochin,18:30:00,19:15:00,1485,2.0,No Info,18211
Jet Airways,2019-04-01,Kolkata,Banglore,20:00:00,08:15:00,735,1.0,In-flight meal not included,7064
Jet Airways,2019-05-21,Delhi,Cochin,19:45:00,12:35:00,1010,1.0,In-flight meal not included,12898
Air Asia,2019-04-18,Banglore,Delhi,11:10:00,13:55:00,165,0.0,No Info,4483
Jet Airways,2019-05-12,Kolkata,Banglore,08:25:00,09:20:00,1495,1.0,In-flight meal not included,9663
Jet Airways,2019-05-01,Kolkata,Banglore,17:00:00,14:25:00,1285,1.0,In-flight meal not included,9314
Indigo,2019-04-27,Banglore,Delhi,16:55:00,19:55:00,180,0.0,No Info,4823
Indigo,2019-05-27,Delhi,Cochin,17:30:00,01:30:00,480,1.0,No Info,6206
Jet Airways,2019-03-03,Mumbai,Hyderabad,02:55:00,04:25:00,90,0.0,No Info,5678
Jet Airways,2019-03-18,Banglore,New Delhi,18:40:00,07:40:00,780,1.0,In-flight meal not included,10972
Jet Airways,2019-03-18,Banglore,New Delhi,08:55:00,18:25:00,570,1.0,No Info,12284
Vistara,2019-03-09,Banglore,New Delhi,11:30:00,14:10:00,160,0.0,No Info,9918
Air Asia,2019-05-06,Kolkata,Banglore,07:35:00,19:25:00,710,1.0,No Info,5192
Indigo,2019-06-06,Delhi,Cochin,21:50:00,03:35:00,345,1.0,No Info,6195
Indigo,2019-03-06,Delhi,Cochin,04:45:00,15:30:00,645,1.0,No Info,13611
Indigo,2019-06-27,Banglore,Delhi,04:00:00,06:50:00,170,0.0,No Info,3943
Indigo,2019-06-01,Delhi,Cochin,14:25:00,17:40:00,195,0.0,No Info,6015
Spicejet,2019-05-27,Kolkata,Banglore,22:20:00,00:40:00,140,0.0,No Info,3873
Indigo,2019-03-01,Banglore,New Delhi,07:30:00,12:20:00,290,1.0,No Info,8110
Indigo,2019-03-21,Delhi,Cochin,06:40:00,12:00:00,320,1.0,No Info,5761
Jet Airways,2019-06-06,Delhi,Cochin,19:30:00,12:35:00,1025,2.0,In-flight meal not included,11733
Indigo,2019-03-27,Delhi,Cochin,07:30:00,15:30:00,480,1.0,No Info,8574
Goair,2019-06-01,Delhi,Cochin,14:25:00,19:35:00,310,1.0,No Info,10651
Jet Airways,2019-06-03,Banglore,Delhi,11:10:00,14:05:00,175,0.0,In-flight meal not included,5769
Air India,2019-04-06,Delhi,Cochin,20:40:00,09:25:00,765,1.0,No Info,5117
Jet Airways,2019-05-18,Delhi,Cochin,09:40:00,04:25:00,1125,2.0,No Info,15129
Indigo,2019-05-01,Mumbai,Hyderabad,06:25:00,07:55:00,90,0.0,No Info,4392
Indigo,2019-06-27,Delhi,Cochin,06:50:00,16:10:00,560,1.0,No Info,6442
Jet Airways,2019-03-18,Banglore,New Delhi,07:00:00,12:25:00,325,1.0,No Info,12284
Jet Airways,2019-06-15,Delhi,Cochin,11:40:00,19:00:00,440,2.0,In-flight meal not included,15812
Jet Airways,2019-05-27,Delhi,Cochin,09:40:00,12:35:00,1615,2.0,In-flight meal not included,13029
Jet Airways,2019-03-06,Banglore,New Delhi,14:05:00,08:15:00,1090,1.0,No Info,14815
Jet Airways,2019-05-21,Kolkata,Banglore,14:05:00,04:40:00,875,1.0,No Info,14388
Indigo,2019-03-27,Delhi,Cochin,06:40:00,21:00:00,860,1.0,No Info,8784
Air India,2019-03-03,Delhi,Cochin,05:55:00,19:15:00,2240,2.0,No Info,13748
Air India,2019-03-01,Banglore,New Delhi,05:50:00,16:20:00,630,2.0,Change airports,15119
Spicejet,2019-06-03,Kolkata,Banglore,06:55:00,09:30:00,155,0.0,No check-in baggage included,3841
Jet Airways,2019-04-03,Mumbai,Hyderabad,02:55:00,04:20:00,85,0.0,No Info,5678
Vistara,2019-06-18,Chennai,Kolkata,07:05:00,09:20:00,135,0.0,No Info,3687
Indigo,2019-06-01,Delhi,Cochin,02:00:00,07:25:00,325,1.0,No Info,5636
Jet Airways,2019-05-18,Kolkata,Banglore,09:35:00,10:55:00,1520,1.0,No Info,14151
Multiple Carriers,2019-03-21,Delhi,Cochin,02:15:00,13:20:00,665,1.0,No Info,13961
Air India,2019-05-21,Kolkata,Banglore,08:20:00,18:30:00,610,2.0,No Info,10697
Jet Airways,2019-06-09,Kolkata,Banglore,17:00:00,21:05:00,1685,1.0,In-flight meal not included,10539
Jet Airways,2019-05-09,Kolkata,Banglore,14:05:00,10:05:00,1200,1.0,In-flight meal not included,7757
Jet Airways,2019-05-09,Delhi,Cochin,02:15:00,12:35:00,620,1.0,In-flight meal not included,12373
Jet Airways,2019-05-09,Kolkata,Banglore,08:25:00,12:00:00,1655,1.0,In-flight meal not included,9663
Jet Airways,2019-06-09,Kolkata,Banglore,17:00:00,10:55:00,1075,1.0,No Info,14151
Air India,2019-05-09,Banglore,Delhi,13:20:00,16:10:00,170,0.0,No Info,6121
Jet Airways,2019-06-27,Delhi,Cochin,09:00:00,19:00:00,600,1.0,No Info,14714
Jet Airways,2019-05-12,Banglore,Delhi,08:20:00,11:20:00,180,0.0,In-flight meal not included,6144
Indigo,2019-03-27,Delhi,Cochin,11:30:00,21:00:00,570,1.0,No Info,6416
Multiple Carriers,2019-06-15,Delhi,Cochin,08:00:00,21:00:00,780,1.0,No Info,13587
Multiple Carriers,2019-06-15,Delhi,Cochin,04:55:00,19:00:00,845,1.0,No Info,10678
Indigo,2019-03-21,Kolkata,Banglore,10:10:00,12:55:00,165,0.0,No Info,5198
Indigo,2019-03-03,Delhi,Cochin,02:05:00,07:25:00,320,1.0,No Info,10394
Jet Airways,2019-03-27,Delhi,Cochin,19:45:00,04:25:00,520,1.0,No Info,12242
Air India,2019-06-03,Delhi,Cochin,17:20:00,09:25:00,965,1.0,No Info,7480
Air Asia,2019-05-21,Banglore,Delhi,23:55:00,02:45:00,170,0.0,No Info,3383
Jet Airways,2019-03-27,Delhi,Cochin,05:10:00,19:45:00,2315,2.0,In-flight meal not included,8098
Spicejet,2019-03-24,Chennai,Kolkata,17:45:00,20:05:00,140,0.0,No Info,5418
Jet Airways,2019-06-03,Delhi,Cochin,22:50:00,04:25:00,335,1.0,No Info,14714
Multiple Carriers,2019-06-12,Delhi,Cochin,07:10:00,22:30:00,920,1.0,No Info,6513
Jet Airways,2019-05-01,Kolkata,Banglore,16:30:00,08:15:00,945,1.0,No Info,13941
Jet Airways,2019-06-12,Kolkata,Banglore,17:00:00,18:00:00,1500,1.0,No Info,12692
Jet Airways,2019-06-27,Delhi,Cochin,19:10:00,12:35:00,1045,2.0,No Info,12819
Indigo,2019-03-24,Banglore,New Delhi,21:20:00,00:15:00,175,0.0,No Info,4777
Jet Airways,2019-06-09,Banglore,Delhi,17:45:00,20:45:00,180,0.0,In-flight meal not included,7229
Vistara,2019-03-24,Kolkata,Banglore,17:00:00,18:45:00,1545,1.0,No Info,13100
Multiple Carriers,2019-06-06,Delhi,Cochin,09:45:00,22:30:00,765,1.0,No Info,9646
Jet Airways,2019-06-06,Kolkata,Banglore,09:35:00,19:10:00,575,1.0,No Info,14151
Multiple Carriers,2019-06-06,Delhi,Cochin,15:15:00,01:30:00,615,1.0,No Info,6795
Multiple Carriers,2019-06-01,Delhi,Cochin,17:50:00,01:30:00,460,2.0,No Info,18485
Multiple Carriers,2019-06-12,Delhi,Cochin,08:00:00,21:00:00,780,1.0,No Info,13797
Air India,2019-06-15,Delhi,Cochin,13:30:00,23:00:00,570,1.0,No Info,8907
Jet Airways,2019-06-01,Delhi,Cochin,08:00:00,04:25:00,1225,1.0,In-flight meal not included,10262
Spicejet,2019-03-15,Mumbai,Hyderabad,22:45:00,00:10:00,85,0.0,No check-in baggage included,2647
Air Asia,2019-05-09,Delhi,Cochin,16:45:00,22:25:00,340,1.0,No Info,6752
Spicejet,2019-06-15,Banglore,Delhi,05:55:00,08:35:00,160,0.0,No Info,4423
Air India,2019-03-24,Kolkata,Banglore,20:30:00,16:15:00,1185,1.0,No Info,12173
Jet Airways,2019-05-06,Kolkata,Banglore,20:00:00,04:40:00,520,1.0,No Info,14388
Jet Airways,2019-03-24,Kolkata,Banglore,06:30:00,16:20:00,590,1.0,In-flight meal not included,8824
Jet Airways,2019-05-15,Kolkata,Banglore,08:25:00,20:45:00,740,1.0,In-flight meal not included,10844
Multiple Carriers,2019-05-27,Delhi,Cochin,10:00:00,01:30:00,930,1.0,In-flight meal not included,8925
Air India,2019-05-18,Delhi,Cochin,17:15:00,07:40:00,865,2.0,No Info,12199
Jet Airways,2019-06-09,Delhi,Cochin,05:30:00,12:35:00,425,2.0,No Info,14441
Jet Airways,2019-06-01,Banglore,Delhi,06:00:00,08:45:00,165,0.0,No Info,8016
Multiple Carriers,2019-06-01,Delhi,Cochin,11:30:00,21:00:00,570,1.0,No Info,13587
Jet Airways,2019-05-18,Delhi,Cochin,10:00:00,19:00:00,540,1.0,No Info,15554
Air Asia,2019-04-06,Kolkata,Banglore,22:50:00,01:20:00,150,0.0,No Info,3807
Jet Airways,2019-04-18,Delhi,Cochin,11:00:00,14:15:00,195,0.0,No Info,9564
Multiple Carriers,2019-06-27,Delhi,Cochin,10:20:00,01:30:00,910,1.0,No Info,6270
Indigo,2019-05-27,Mumbai,Hyderabad,02:35:00,04:05:00,90,0.0,No Info,2754
Jet Airways,2019-03-18,Mumbai,Hyderabad,02:55:00,04:25:00,90,0.0,No Info,5678
Jet Airways,2019-06-09,Delhi,Cochin,19:15:00,19:00:00,1425,1.0,In-flight meal not included,10577
Multiple Carriers,2019-05-15,Delhi,Cochin,10:00:00,01:30:00,930,1.0,No Info,8073
Indigo,2019-06-12,Kolkata,Banglore,19:20:00,23:45:00,265,1.0,No Info,3574
Jet Airways,2019-05-09,Banglore,Delhi,19:50:00,22:50:00,180,0.0,No Info,7229
Jet Airways,2019-05-09,Delhi,Cochin,19:30:00,12:35:00,1025,2.0,No Info,15129
Spicejet,2019-06-18,Mumbai,Hyderabad,05:45:00,07:15:00,90,0.0,No Info,2753
Jet Airways,2019-03-06,Banglore,New Delhi,08:00:00,05:05:00,1265,1.0,No Info,14815
Multiple Carriers,2019-03-03,Delhi,Cochin,17:00:00,01:35:00,515,1.0,No Info,17073
Indigo,2019-05-27,Kolkata,Banglore,17:15:00,19:50:00,155,0.0,No Info,4804
Air Asia,2019-04-03,Kolkata,Banglore,10:20:00,12:55:00,155,0.0,No Info,4107
Air India,2019-05-15,Delhi,Cochin,10:00:00,19:15:00,555,1.0,No Info,8372
Jet Airways,2019-05-12,Kolkata,Banglore,20:25:00,10:55:00,870,1.0,No Info,14151
Indigo,2019-03-09,Banglore,New Delhi,11:20:00,15:25:00,245,1.0,No Info,5746
Air India,2019-05-15,Delhi,Cochin,09:00:00,19:15:00,615,1.0,No Info,8372
Spicejet,2019-06-21,Banglore,Delhi,21:10:00,00:05:00,175,0.0,No check-in baggage included,3919
Air India,2019-06-27,Mumbai,Hyderabad,21:05:00,22:25:00,80,0.0,No Info,3100
Air India,2019-05-12,Kolkata,Banglore,09:50:00,21:05:00,675,1.0,No Info,8450
Jet Airways,2019-05-06,Kolkata,Banglore,14:05:00,20:45:00,400,1.0,In-flight meal not included,9663
Air India,2019-03-21,Banglore,New Delhi,08:15:00,18:30:00,615,1.0,No Info,4943
Multiple Carriers,2019-05-18,Delhi,Cochin,07:05:00,19:15:00,730,1.0,No Info,14533
Vistara,2019-04-12,Banglore,Delhi,17:00:00,19:35:00,155,0.0,No Info,5613
Jet Airways,2019-05-27,Delhi,Cochin,16:00:00,04:25:00,745,1.0,In-flight meal not included,12898
Jet Airways,2019-05-12,Banglore,Delhi,06:00:00,08:45:00,165,0.0,In-flight meal not included,5198
Jet Airways,2019-05-06,Kolkata,Banglore,20:00:00,12:00:00,960,1.0,In-flight meal not included,9663
Jet Airways,2019-06-09,Delhi,Cochin,11:45:00,12:35:00,1490,2.0,No Info,13882
Indigo,2019-05-27,Delhi,Cochin,05:05:00,12:10:00,425,1.0,No Info,6600
Multiple Carriers,2019-05-21,Delhi,Cochin,10:20:00,19:15:00,535,1.0,No Info,8266
Jet Airways,2019-05-01,Kolkata,Banglore,10:20:00,17:35:00,435,1.0,In-flight meal not included,5608
Air India,2019-05-21,Mumbai,Hyderabad,21:05:00,22:25:00,80,0.0,No Info,3100
Jet Airways,2019-06-09,Kolkata,Banglore,09:35:00,18:00:00,505,1.0,In-flight meal not included,13994
Jet Airways,2019-03-09,Delhi,Cochin,17:25:00,18:50:00,1525,1.0,No Info,16289
Indigo,2019-03-01,Banglore,New Delhi,16:50:00,21:35:00,285,1.0,No Info,13302
Air India,2019-04-01,Kolkata,Banglore,10:00:00,10:30:00,1470,3.0,No Info,12954
Jet Airways,2019-06-06,Mumbai,Hyderabad,02:55:00,04:20:00,85,0.0,No Info,5678
Indigo,2019-05-27,Delhi,Cochin,16:00:00,21:00:00,300,1.0,No Info,5054
Air India,2019-03-12,Mumbai,Hyderabad,19:40:00,09:10:00,810,2.0,No Info,11647
Jet Airways,2019-05-21,Kolkata,Banglore,09:35:00,14:25:00,1730,1.0,In-flight meal not included,9314
Air India,2019-03-21,Delhi,Cochin,13:20:00,19:15:00,1795,2.0,No Info,8708
Indigo,2019-06-24,Mumbai,Hyderabad,19:05:00,20:35:00,90,0.0,No Info,2754
Air Asia,2019-04-21,Kolkata,Banglore,22:50:00,01:20:00,150,0.0,No Info,5645
Jet Airways,2019-06-06,Delhi,Cochin,08:00:00,04:25:00,1225,1.0,In-flight meal not included,10262
Jet Airways,2019-05-21,Kolkata,Banglore,08:25:00,08:15:00,1430,1.0,No Info,13941
Multiple Carriers,2019-06-03,Delhi,Cochin,09:45:00,16:10:00,385,1.0,No Info,9646
Multiple Carriers,2019-06-09,Delhi,Cochin,04:55:00,12:35:00,460,1.0,No Info,10877
Jet Airways,2019-06-12,Delhi,Cochin,02:15:00,12:35:00,620,1.0,No Info,18371
Multiple Carriers,2019-03-27,Delhi,Cochin,12:50:00,19:15:00,385,1.0,No Info,6953
Spicejet,2019-03-15,Mumbai,Hyderabad,05:45:00,07:05:00,80,0.0,No check-in baggage included,2385
Indigo,2019-06-06,Delhi,Cochin,06:40:00,21:00:00,860,1.0,No Info,6093
Air India,2019-06-03,Delhi,Cochin,10:55:00,07:40:00,1245,2.0,No Info,11753
Jet Airways,2019-04-01,Kolkata,Banglore,16:30:00,04:40:00,730,1.0,In-flight meal not included,7064
Indigo,2019-06-24,Delhi,Cochin,14:20:00,17:35:00,195,0.0,No Info,5000
Air India,2019-03-12,Mumbai,Hyderabad,21:05:00,22:25:00,80,0.0,No Info,4307
Jet Airways,2019-05-12,Mumbai,Hyderabad,07:05:00,08:30:00,85,0.0,In-flight meal not included,4050
Indigo,2019-05-03,Banglore,Delhi,01:30:00,04:15:00,165,0.0,No Info,3943
Jet Airways,2019-06-09,Delhi,Cochin,09:00:00,19:00:00,600,1.0,In-flight meal not included,10262
Air Asia,2019-04-18,Kolkata,Banglore,19:55:00,22:25:00,150,0.0,No Info,4409
Air India,2019-03-09,Delhi,Cochin,23:00:00,07:40:00,520,1.0,No Info,10840
Multiple Carriers,2019-03-21,Delhi,Cochin,04:45:00,19:15:00,870,1.0,No Info,6630
Spicejet,2019-03-09,Mumbai,Hyderabad,22:45:00,00:10:00,85,0.0,No Info,3603
Jet Airways,2019-06-01,Delhi,Cochin,22:50:00,12:35:00,825,1.0,No Info,14714
Air India,2019-04-09,Delhi,Cochin,06:05:00,09:25:00,1640,1.0,No Info,4487
Multiple Carriers,2019-05-21,Delhi,Cochin,07:30:00,19:00:00,690,1.0,No Info,9315
Indigo,2019-05-15,Banglore,Delhi,00:30:00,03:25:00,175,0.0,No Info,3419
Multiple Carriers,2019-06-01,Delhi,Cochin,10:20:00,01:30:00,910,1.0,No Info,6795
Jet Airways,2019-06-09,Kolkata,Banglore,08:25:00,04:40:00,1215,1.0,No Info,13731
Spicejet,2019-03-27,Delhi,Cochin,08:45:00,13:15:00,270,1.0,No check-in baggage included,4414
Air India,2019-03-06,Delhi,Cochin,06:05:00,09:25:00,1640,1.0,No Info,12677
Jet Airways,2019-05-09,Kolkata,Banglore,17:00:00,10:55:00,1075,1.0,In-flight meal not included,8066
Air India,2019-05-09,Delhi,Cochin,07:05:00,07:40:00,1475,2.0,No Info,13547
Air India,2019-03-27,Delhi,Cochin,21:30:00,19:15:00,1305,2.0,No Info,8665
Jet Airways,2019-03-21,Banglore,New Delhi,07:00:00,21:20:00,860,1.0,In-flight meal not included,7832
Jet Airways,2019-06-24,Delhi,Cochin,17:30:00,19:00:00,1530,1.0,In-flight meal not included,10262
Jet Airways,2019-06-09,Kolkata,Banglore,20:00:00,04:40:00,520,1.0,In-flight meal not included,9663
Jet Airways,2019-06-09,Kolkata,Banglore,17:00:00,22:05:00,1745,1.0,In-flight meal not included,10539
Jet Airways,2019-03-21,Delhi,Cochin,09:40:00,04:25:00,2565,2.0,No Info,12819
Air India,2019-03-03,Delhi,Cochin,05:10:00,08:00:00,170,0.0,No Info,7931
Spicejet,2019-04-27,Kolkata,Banglore,17:10:00,19:40:00,150,0.0,No Info,4174
Spicejet,2019-04-12,Kolkata,Banglore,22:20:00,00:40:00,140,0.0,No Info,3873
Air Asia,2019-03-24,Banglore,New Delhi,23:25:00,02:10:00,165,0.0,No Info,4482
Air India,2019-06-12,Delhi,Cochin,20:40:00,09:25:00,765,1.0,No Info,7480
Spicejet,2019-04-27,Banglore,Delhi,09:30:00,12:20:00,170,0.0,No check-in baggage included,4885
Jet Airways,2019-03-06,Mumbai,Hyderabad,13:05:00,16:50:00,1665,2.0,No Info,21375
Jet Airways,2019-06-09,Delhi,Cochin,17:30:00,12:35:00,1145,1.0,In-flight meal not included,10262
Jet Airways,2019-06-06,Kolkata,Banglore,18:55:00,16:20:00,1285,1.0,In-flight meal not included,10844
Air Asia,2019-06-15,Delhi,Cochin,20:45:00,07:10:00,625,1.0,No Info,6253
Spicejet,2019-05-15,Mumbai,Hyderabad,22:45:00,00:15:00,90,0.0,No check-in baggage included,1965
Jet Airways,2019-06-01,Delhi,Cochin,10:00:00,04:25:00,1105,1.0,In-flight meal not included,10262
Jet Airways,2019-05-18,Delhi,Cochin,19:30:00,12:35:00,1025,2.0,In-flight meal not included,10368
Multiple Carriers,2019-05-15,Delhi,Cochin,10:35:00,19:15:00,520,1.0,No Info,7575
Air India,2019-06-03,Delhi,Cochin,10:00:00,19:15:00,555,1.0,No Info,10979
Jet Airways,2019-05-18,Delhi,Cochin,20:55:00,19:00:00,1325,1.0,No Info,15554
Air India,2019-06-06,Delhi,Cochin,17:40:00,08:15:00,875,1.0,No Info,7258
Spicejet,2019-05-03,Banglore,Delhi,09:30:00,12:20:00,170,0.0,No Info,4423
Air India,2019-05-21,Delhi,Cochin,12:00:00,07:40:00,1180,2.0,No Info,9653
Vistara,2019-06-12,Chennai,Kolkata,17:45:00,20:05:00,140,0.0,No Info,11982
Jet Airways,2019-06-12,Delhi,Cochin,19:15:00,19:00:00,1425,1.0,In-flight meal not included,10262
Indigo,2019-04-21,Delhi,Cochin,07:35:00,12:10:00,275,1.0,No Info,5703
Air India,2019-06-09,Kolkata,Banglore,07:00:00,20:25:00,805,1.0,No Info,10413
Goair,2019-06-27,Delhi,Cochin,14:25:00,19:35:00,310,1.0,No Info,7870
Jet Airways,2019-05-24,Kolkata,Banglore,20:00:00,09:20:00,800,1.0,In-flight meal not included,10844
Jet Airways,2019-05-18,Kolkata,Banglore,18:55:00,08:15:00,800,1.0,No Info,13584
Jet Airways,2019-05-18,Delhi,Cochin,13:25:00,19:00:00,1775,2.0,No Info,16704
Air India,2019-05-12,Kolkata,Banglore,09:25:00,05:35:00,1210,2.0,No Info,11432
Jet Airways,2019-06-03,Delhi,Cochin,19:15:00,04:25:00,550,1.0,In-flight meal not included,10262
Jet Airways,2019-05-21,Delhi,Cochin,02:15:00,19:00:00,1005,1.0,No Info,16079
Spicejet,2019-06-24,Banglore,Delhi,21:10:00,00:05:00,175,0.0,No Info,3971
Multiple Carriers,2019-05-15,Delhi,Cochin,11:35:00,21:00:00,565,3.0,No Info,16294
Jet Airways,2019-06-09,Kolkata,Banglore,20:25:00,09:45:00,800,1.0,No Info,14151
Spicejet,2019-04-24,Banglore,Delhi,21:10:00,00:05:00,175,0.0,No Info,3625
Indigo,2019-04-09,Kolkata,Banglore,15:15:00,17:45:00,150,0.0,No Info,4174
Jet Airways,2019-06-27,Delhi,Cochin,09:25:00,04:25:00,1140,2.0,No Info,13882
Vistara,2019-06-09,Kolkata,Banglore,07:10:00,18:50:00,700,1.0,No Info,9555
Indigo,2019-06-01,Delhi,Cochin,07:35:00,22:30:00,895,1.0,No Info,6442
Jet Airways,2019-04-01,Kolkata,Banglore,18:55:00,12:00:00,1025,1.0,In-flight meal not included,7064
Indigo,2019-03-03,Kolkata,Banglore,22:10:00,00:55:00,165,0.0,No Info,5618
Goair,2019-04-15,Banglore,Delhi,07:45:00,10:40:00,175,0.0,No Info,4632
Jet Airways,2019-06-09,Delhi,Cochin,19:15:00,04:25:00,550,1.0,In-flight meal not included,10577
Indigo,2019-03-01,Banglore,New Delhi,22:20:00,01:10:00,170,0.0,No Info,11934
Multiple Carriers,2019-05-18,Delhi,Cochin,13:00:00,19:15:00,375,1.0,No Info,14533
Jet Airways,2019-03-21,Mumbai,Hyderabad,07:10:00,08:35:00,85,0.0,In-flight meal not included,4160
Indigo,2019-03-06,Delhi,Cochin,02:35:00,08:30:00,355,1.0,No Info,13790
Multiple Carriers,2019-03-27,Delhi,Cochin,08:00:00,18:50:00,650,1.0,No Info,11667
Jet Airways,2019-05-21,Kolkata,Banglore,17:00:00,23:35:00,395,1.0,No Info,14151
Goair,2019-04-27,Delhi,Cochin,07:25:00,13:35:00,370,1.0,No Info,5140
Indigo,2019-03-24,Chennai,Kolkata,05:15:00,07:35:00,140,0.0,No Info,4326
Indigo,2019-06-01,Mumbai,Hyderabad,02:35:00,04:05:00,90,0.0,No Info,3175
Air India,2019-06-12,Kolkata,Banglore,05:50:00,23:15:00,1045,2.0,No Info,12723
Jet Airways,2019-05-18,Kolkata,Banglore,09:35:00,19:10:00,575,1.0,In-flight meal not included,12384
Vistara,2019-06-24,Banglore,Delhi,09:45:00,12:35:00,170,0.0,No Info,4668
Jet Airways,2019-06-09,Kolkata,Banglore,08:25:00,16:20:00,475,1.0,No Info,14571
Air Asia,2019-05-18,Kolkata,Banglore,07:35:00,19:25:00,710,1.0,No Info,5192
Jet Airways,2019-05-24,Banglore,Delhi,18:55:00,22:00:00,185,0.0,In-flight meal not included,6144
Air India,2019-03-18,Banglore,New Delhi,06:45:00,16:30:00,2025,2.0,No Info,10835
Indigo,2019-03-06,Delhi,Cochin,17:30:00,01:35:00,485,1.0,No Info,14871
Indigo,2019-03-06,Delhi,Cochin,07:30:00,13:20:00,350,1.0,No Info,13628
Multiple Carriers,2019-05-21,Delhi,Cochin,07:30:00,19:00:00,690,1.0,No Info,9794
Goair,2019-04-01,Kolkata,Banglore,16:40:00,00:15:00,455,1.0,No Info,5171
Jet Airways,2019-06-09,Kolkata,Banglore,06:30:00,18:15:00,705,1.0,In-flight meal not included,10844
Jet Airways,2019-05-09,Delhi,Cochin,11:30:00,04:25:00,1015,1.0,In-flight meal not included,12373
Spicejet,2019-06-27,Chennai,Kolkata,09:45:00,12:00:00,135,0.0,No check-in baggage included,3543
Spicejet,2019-03-18,Kolkata,Banglore,06:55:00,09:35:00,160,0.0,No check-in baggage included,4413
Multiple Carriers,2019-06-03,Delhi,Cochin,12:50:00,19:15:00,385,1.0,No Info,9001
Indigo,2019-05-27,Delhi,Cochin,11:25:00,21:00:00,575,1.0,No Info,6314
Jet Airways,2019-05-21,Kolkata,Banglore,21:10:00,09:20:00,730,1.0,In-flight meal not included,10844
Jet Airways,2019-05-21,Delhi,Cochin,20:55:00,19:00:00,1325,1.0,No Info,16079
Indigo,2019-05-27,Delhi,Cochin,11:55:00,22:30:00,635,1.0,No Info,6442
Spicejet,2019-05-06,Mumbai,Hyderabad,22:45:00,00:15:00,90,0.0,No check-in baggage included,2175
Spicejet,2019-04-18,Kolkata,Banglore,09:00:00,11:25:00,145,0.0,No check-in baggage included,3841
Jet Airways,2019-06-24,Delhi,Cochin,19:10:00,19:00:00,1430,2.0,No Info,12819
Air India,2019-06-06,Kolkata,Banglore,05:50:00,23:15:00,1045,2.0,No Info,12723
Jet Airways,2019-04-09,Banglore,Delhi,11:10:00,14:05:00,175,0.0,In-flight meal not included,4544
Spicejet,2019-06-03,Kolkata,Banglore,17:10:00,19:40:00,150,0.0,No Info,3873
Multiple Carriers,2019-03-03,Delhi,Cochin,11:30:00,18:50:00,440,1.0,No Info,15135
Jet Airways,2019-03-01,Banglore,New Delhi,07:00:00,20:20:00,800,1.0,No Info,27992
Jet Airways,2019-05-15,Kolkata,Banglore,20:25:00,09:45:00,800,1.0,In-flight meal not included,12384
Air Asia,2019-03-27,Delhi,Cochin,20:10:00,07:10:00,660,1.0,No Info,6151
Air India,2019-03-21,Banglore,New Delhi,05:50:00,16:20:00,630,2.0,No Info,7664
Jet Airways,2019-05-09,Delhi,Cochin,07:05:00,19:00:00,715,1.0,No Info,15554
Indigo,2019-05-27,Delhi,Cochin,15:00:00,01:30:00,630,1.0,No Info,6628
Jet Airways,2019-06-03,Delhi,Cochin,11:40:00,19:00:00,440,2.0,In-flight meal not included,15812
Spicejet,2019-05-24,Kolkata,Banglore,17:10:00,19:40:00,150,0.0,No Info,4174
Vistara,2019-05-24,Kolkata,Banglore,07:10:00,22:40:00,930,1.0,No Info,9397
Spicejet,2019-03-06,Chennai,Kolkata,09:30:00,12:05:00,155,0.0,No Info,7298
Indigo,2019-06-15,Delhi,Cochin,09:15:00,21:00:00,705,1.0,No Info,6838
Jet Airways,2019-03-21,Delhi,Cochin,07:05:00,18:50:00,705,1.0,No Info,12767
Multiple Carriers,2019-06-12,Delhi,Cochin,10:20:00,19:15:00,535,1.0,No Info,8266
Spicejet,2019-03-27,Kolkata,Banglore,17:15:00,19:45:00,150,0.0,No check-in baggage included,3815
Multiple Carriers,2019-06-03,Delhi,Cochin,07:30:00,19:15:00,705,1.0,No Info,7354
Air India,2019-03-01,Banglore,New Delhi,21:10:00,23:55:00,165,0.0,No Info,25703
Spicejet,2019-06-24,Chennai,Kolkata,09:45:00,12:00:00,135,0.0,No check-in baggage included,3859
Jet Airways,2019-05-12,Kolkata,Banglore,16:30:00,04:40:00,730,1.0,No Info,14388
Indigo,2019-06-15,Kolkata,Banglore,22:15:00,00:50:00,155,0.0,No Info,4804
Multiple Carriers,2019-06-24,Delhi,Cochin,07:30:00,19:15:00,705,1.0,No Info,9001
Multiple Carriers,2019-05-15,Delhi,Cochin,06:00:00,12:35:00,395,1.0,No Info,9794
Jet Airways,2019-05-03,Banglore,Delhi,17:45:00,20:45:00,180,0.0,No Info,7229
Air India,2019-03-01,Banglore,New Delhi,05:50:00,22:10:00,980,2.0,No Info,13576
Spicejet,2019-04-15,Delhi,Cochin,08:45:00,13:15:00,270,1.0,No Info,5830
Indigo,2019-06-21,Chennai,Kolkata,05:15:00,07:40:00,145,0.0,No Info,3540
Multiple Carriers,2019-06-15,Delhi,Cochin,07:05:00,21:00:00,835,1.0,No Info,13587
Jet Airways,2019-05-09,Kolkata,Banglore,06:30:00,04:40:00,1330,1.0,No Info,13941
Spicejet,2019-03-24,Banglore,New Delhi,09:35:00,12:30:00,175,0.0,No Info,4377
Multiple Carriers,2019-06-06,Delhi,Cochin,10:20:00,19:00:00,520,1.0,No Info,11789
Jet Airways,2019-06-24,Delhi,Cochin,11:45:00,04:25:00,1000,2.0,No Info,13357
Jet Airways,2019-03-21,Banglore,New Delhi,14:05:00,07:40:00,1055,1.0,In-flight meal not included,7832
Vistara,2019-06-09,Banglore,Delhi,11:30:00,14:20:00,170,0.0,No Info,4668
Indigo,2019-03-09,Banglore,New Delhi,04:00:00,06:50:00,170,0.0,No Info,4777
Air India,2019-06-06,Kolkata,Banglore,16:45:00,21:05:00,1700,1.0,No Info,7662
Goair,2019-05-24,Banglore,Delhi,07:45:00,10:40:00,175,0.0,No Info,3419
Indigo,2019-05-18,Delhi,Cochin,04:55:00,21:00:00,965,1.0,No Info,6758
Multiple Carriers,2019-06-01,Delhi,Cochin,11:25:00,19:15:00,470,1.0,No Info,8937
Multiple Carriers,2019-03-06,Delhi,Cochin,09:00:00,15:30:00,390,1.0,In-flight meal not included,15136
Indigo,2019-03-27,Delhi,Cochin,09:10:00,21:00:00,710,1.0,No Info,10351
Air Asia,2019-04-01,Kolkata,Banglore,06:50:00,10:30:00,220,1.0,No Info,5162
Multiple Carriers,2019-05-09,Delhi,Cochin,08:00:00,19:00:00,660,1.0,No Info,10197
Jet Airways,2019-05-18,Kolkata,Banglore,21:10:00,10:05:00,775,1.0,In-flight meal not included,8586
Spicejet,2019-05-27,Banglore,Delhi,05:55:00,08:35:00,160,0.0,No check-in baggage included,3257
Jet Airways,2019-04-01,Kolkata,Banglore,08:25:00,23:35:00,910,1.0,In-flight meal not included,7064
Jet Airways,2019-06-18,Mumbai,Hyderabad,10:20:00,11:50:00,90,0.0,In-flight meal not included,4995
Jet Airways,2019-06-12,Banglore,Delhi,15:15:00,18:10:00,175,0.0,In-flight meal not included,5769
Jet Airways,2019-05-12,Banglore,Delhi,07:10:00,10:10:00,180,0.0,No Info,7229
Indigo,2019-06-27,Banglore,Delhi,16:55:00,19:55:00,180,0.0,No Info,4823
Jet Airways,2019-05-24,Kolkata,Banglore,14:05:00,22:35:00,510,1.0,In-flight meal not included,10844
Air Asia,2019-04-15,Kolkata,Banglore,07:35:00,19:25:00,710,1.0,No Info,5192
Jet Airways,2019-05-21,Delhi,Cochin,20:55:00,19:00:00,1325,1.0,In-flight meal not included,12898
Spicejet,2019-05-09,Banglore,Delhi,05:55:00,08:35:00,160,0.0,No check-in baggage included,3573
Spicejet,2019-06-15,Mumbai,Hyderabad,05:45:00,07:15:00,90,0.0,No check-in baggage included,2647
Spicejet,2019-05-24,Banglore,Delhi,09:30:00,12:20:00,170,0.0,No check-in baggage included,3573
Air India,2019-06-24,Delhi,Cochin,16:40:00,19:15:00,1595,2.0,No Info,9443
Air India,2019-05-27,Delhi,Cochin,10:55:00,19:15:00,500,2.0,No Info,13223
Spicejet,2019-05-09,Kolkata,Banglore,17:10:00,19:40:00,150,0.0,No check-in baggage included,3841
Multiple Carriers,2019-06-15,Delhi,Cochin,16:00:00,01:30:00,570,1.0,In-flight meal not included,10196
Jet Airways,2019-05-09,Kolkata,Banglore,14:05:00,18:15:00,1690,1.0,In-flight meal not included,7757
Jet Airways,2019-06-24,Delhi,Cochin,18:15:00,12:35:00,1100,1.0,In-flight meal not included,10262
Jet Airways,2019-06-06,Kolkata,Banglore,18:55:00,20:45:00,1550,1.0,No Info,14571
Vistara,2019-06-06,Kolkata,Banglore,20:20:00,18:50:00,1350,1.0,No Info,8820
Air India,2019-05-09,Delhi,Cochin,07:05:00,09:25:00,1580,2.0,No Info,9347
Jet Airways,2019-03-24,Kolkata,Banglore,21:10:00,08:10:00,660,1.0,No Info,14231
Air India,2019-03-09,Chennai,Kolkata,11:40:00,13:55:00,135,0.0,No Info,7817
Indigo,2019-06-24,Chennai,Kolkata,13:15:00,15:35:00,140,0.0,No Info,3597
Indigo,2019-03-06,Kolkata,Banglore,14:20:00,16:55:00,155,0.0,No Info,5618
Air India,2019-05-06,Mumbai,Hyderabad,06:20:00,07:40:00,80,0.0,No Info,3625
Jet Airways,2019-05-09,Kolkata,Banglore,20:25:00,21:05:00,1480,1.0,No Info,13067
Jet Airways,2019-06-06,Delhi,Cochin,02:15:00,12:35:00,620,1.0,No Info,14714
Air India,2019-03-03,Banglore,New Delhi,10:30:00,22:55:00,745,1.0,No Info,11003
Jet Airways,2019-05-12,Kolkata,Banglore,17:00:00,10:55:00,1075,1.0,No Info,14151
Jet Airways,2019-06-15,Delhi,Cochin,17:30:00,19:00:00,1530,1.0,In-flight meal not included,10262
Jet Airways,2019-03-18,Banglore,New Delhi,11:40:00,18:25:00,405,1.0,No Info,12284
Indigo,2019-03-27,Delhi,Cochin,04:45:00,13:20:00,515,1.0,No Info,7048
Jet Airways,2019-05-09,Delhi,Cochin,19:45:00,04:25:00,520,1.0,In-flight meal not included,12373
Multiple Carriers,2019-05-27,Delhi,Cochin,08:30:00,19:15:00,645,1.0,No Info,9149
Jet Airways,2019-04-18,Banglore,Delhi,15:15:00,18:10:00,175,0.0,No Info,7229
Air Asia,2019-06-12,Banglore,Delhi,23:55:00,02:45:00,170,0.0,No Info,3383
Jet Airways,2019-03-03,Delhi,Cochin,05:25:00,18:50:00,2245,2.0,No Info,20064
Multiple Carriers,2019-05-06,Delhi,Cochin,19:00:00,01:30:00,390,1.0,No Info,8073
Jet Airways,2019-05-09,Kolkata,Banglore,18:55:00,10:05:00,910,1.0,No Info,13941
Spicejet,2019-05-18,Kolkata,Banglore,22:20:00,00:40:00,140,0.0,No Info,3873
Jet Airways,2019-06-06,Kolkata,Banglore,17:00:00,10:55:00,1075,1.0,In-flight meal not included,10539
Jet Airways,2019-06-01,Banglore,Delhi,19:50:00,22:50:00,180,0.0,No Info,8016
Vistara,2019-03-24,Banglore,New Delhi,11:30:00,14:10:00,160,0.0,No Info,5403
Multiple Carriers,2019-05-18,Delhi,Cochin,08:00:00,21:00:00,780,1.0,No Info,8073
Multiple Carriers,2019-05-15,Delhi,Cochin,11:40:00,19:15:00,455,1.0,No Info,9001
Vistara,2019-06-27,Banglore,Delhi,17:00:00,19:35:00,155,0.0,No Info,4878
Indigo,2019-06-12,Kolkata,Banglore,15:30:00,18:05:00,155,0.0,No Info,4804
Spicejet,2019-06-15,Mumbai,Hyderabad,22:45:00,00:15:00,90,0.0,No Info,2017
Multiple Carriers,2019-06-24,Delhi,Cochin,07:30:00,19:00:00,690,1.0,No Info,10877
Indigo,2019-04-06,Kolkata,Banglore,14:25:00,16:55:00,150,0.0,No Info,4174
Jet Airways,2019-03-21,Delhi,Cochin,13:00:00,04:25:00,925,1.0,In-flight meal not included,7438
Jet Airways,2019-06-12,Delhi,Cochin,05:30:00,12:35:00,425,2.0,No Info,14441
Jet Airways,2019-05-09,Delhi,Cochin,17:30:00,04:25:00,655,1.0,In-flight meal not included,12373
Spicejet,2019-06-09,Kolkata,Banglore,11:15:00,18:30:00,435,1.0,No Info,9946
Multiple Carriers,2019-06-24,Delhi,Cochin,07:10:00,16:10:00,540,1.0,No Info,6723
Jet Airways,2019-06-01,Delhi,Cochin,19:15:00,12:35:00,1040,1.0,In-flight meal not included,10262
Indigo,2019-04-21,Banglore,Delhi,04:00:00,06:50:00,170,0.0,No Info,4423
Indigo,2019-06-21,Kolkata,Banglore,14:25:00,16:55:00,150,0.0,No Info,5224
Jet Airways,2019-05-12,Kolkata,Banglore,20:25:00,21:05:00,1480,1.0,No Info,12121
Jet Airways,2019-05-06,Mumbai,Hyderabad,07:05:00,08:30:00,85,0.0,No Info,8040
Jet Airways,2019-06-27,Delhi,Cochin,11:30:00,19:00:00,450,1.0,In-flight meal not included,10262
Spicejet,2019-03-09,Kolkata,Banglore,17:15:00,19:45:00,150,0.0,No Info,4622
Air India,2019-06-24,Delhi,Cochin,10:00:00,19:15:00,555,1.0,No Info,9194
Multiple Carriers,2019-03-27,Delhi,Cochin,07:30:00,21:00:00,810,1.0,No Info,8055
Indigo,2019-04-15,Banglore,Delhi,22:10:00,01:00:00,170,0.0,No Info,3943
Multiple Carriers,2019-03-09,Delhi,Cochin,17:00:00,01:35:00,515,1.0,No Info,14343
Air India,2019-05-12,Kolkata,Banglore,20:30:00,16:15:00,1185,1.0,No Info,10203
Air India,2019-06-06,Delhi,Cochin,08:00:00,19:15:00,675,1.0,No Info,8372
Jet Airways,2019-05-06,Kolkata,Banglore,17:00:00,18:00:00,1500,1.0,No Info,11467
Indigo,2019-03-03,Banglore,New Delhi,00:40:00,03:25:00,165,0.0,No Info,6860
Multiple Carriers,2019-06-15,Delhi,Cochin,07:10:00,22:30:00,920,1.0,In-flight meal not included,6093
Air India,2019-06-09,Kolkata,Banglore,05:50:00,20:25:00,875,2.0,No Info,11201
Spicejet,2019-06-12,Mumbai,Hyderabad,05:45:00,07:15:00,90,0.0,No Info,2753
Indigo,2019-05-03,Kolkata,Banglore,20:20:00,22:55:00,155,0.0,No Info,4804
Jet Airways,2019-05-15,Kolkata,Banglore,08:25:00,20:45:00,740,1.0,No Info,14781
Jet Airways,2019-06-03,Delhi,Cochin,19:15:00,19:00:00,1425,1.0,In-flight meal not included,10262
Goair,2019-05-24,Banglore,Delhi,20:55:00,23:40:00,165,0.0,No Info,3419
Multiple Carriers,2019-06-06,Delhi,Cochin,10:35:00,19:00:00,505,1.0,No Info,10877
Air Asia,2019-05-06,Kolkata,Banglore,19:55:00,22:25:00,150,0.0,No Info,4409
Vistara,2019-05-09,Kolkata,Banglore,07:10:00,18:50:00,700,1.0,No Info,8610
Jet Airways,2019-06-06,Delhi,Cochin,14:00:00,04:25:00,865,1.0,No Info,14714
Jet Airways,2019-06-09,Kolkata,Banglore,14:05:00,04:40:00,875,1.0,No Info,14178
Jet Airways,2019-04-21,Delhi,Cochin,11:00:00,14:15:00,195,0.0,In-flight meal not included,7202
Air India,2019-05-15,Kolkata,Banglore,09:25:00,13:45:00,1700,2.0,No Info,15532
Spicejet,2019-04-06,Kolkata,Banglore,22:20:00,00:40:00,140,0.0,No Info,3873
Jet Airways,2019-03-03,Mumbai,Hyderabad,19:35:00,21:05:00,90,0.0,No Info,5678
Air India,2019-05-01,Kolkata,Banglore,16:45:00,12:30:00,1185,2.0,No Info,14960
Multiple Carriers,2019-03-06,Delhi,Cochin,08:55:00,15:30:00,395,1.0,No Info,15147
Multiple Carriers,2019-05-21,Delhi,Cochin,09:00:00,19:00:00,600,1.0,No Info,10197
Jet Airways,2019-06-06,Kolkata,Banglore,09:35:00,14:25:00,1730,1.0,In-flight meal not included,10539
Jet Airways,2019-05-18,Kolkata,Banglore,05:45:00,19:50:00,845,1.0,In-flight meal not included,10844
Jet Airways,2019-03-21,Delhi,Cochin,07:05:00,12:35:00,330,1.0,In-flight meal not included,14053
Spicejet,2019-04-01,Kolkata,Banglore,22:20:00,00:40:00,140,0.0,No check-in baggage included,3841
Multiple Carriers,2019-06-01,Delhi,Cochin,09:00:00,21:00:00,720,1.0,No Info,13587
Jet Airways,2019-05-09,Delhi,Cochin,10:00:00,19:00:00,540,1.0,In-flight meal not included,12373
Indigo,2019-03-01,Banglore,New Delhi,05:15:00,10:00:00,285,1.0,No Info,8064
Jet Airways,2019-05-09,Delhi,Cochin,21:50:00,19:00:00,1270,1.0,In-flight meal not included,12373
Jet Airways,2019-06-09,Kolkata,Banglore,20:25:00,22:05:00,1540,1.0,No Info,12692
Jet Airways,2019-05-01,Kolkata,Banglore,08:25:00,04:40:00,1215,1.0,No Info,13941
Spicejet,2019-05-21,Chennai,Kolkata,17:45:00,20:05:00,140,0.0,No check-in baggage included,3543
Multiple Carriers,2019-05-15,Delhi,Cochin,07:00:00,21:00:00,840,1.0,No Info,8073
Indigo,2019-04-12,Kolkata,Banglore,11:30:00,14:05:00,155,0.0,No Info,4174
Jet Airways,2019-06-12,Kolkata,Banglore,16:30:00,16:20:00,1430,1.0,No Info,13044
Spicejet,2019-06-24,Delhi,Cochin,08:45:00,13:15:00,270,1.0,No check-in baggage included,4760
Indigo,2019-05-06,Banglore,Delhi,22:10:00,01:00:00,170,0.0,No Info,3419
Jet Airways,2019-06-12,Kolkata,Banglore,21:10:00,04:40:00,450,1.0,In-flight meal not included,7594
Jet Airways,2019-06-06,Delhi,Cochin,05:30:00,12:35:00,425,2.0,No Info,14441
Indigo,2019-05-15,Delhi,Cochin,21:05:00,00:20:00,195,0.0,No Info,6834
Indigo,2019-06-01,Delhi,Cochin,23:30:00,04:35:00,305,1.0,No Info,10112
Air Asia,2019-06-15,Delhi,Cochin,16:45:00,22:25:00,340,1.0,No Info,6853
Jet Airways,2019-06-21,Banglore,Delhi,19:50:00,22:50:00,180,0.0,In-flight meal not included,7754
Multiple Carriers,2019-05-21,Delhi,Cochin,09:15:00,19:15:00,600,1.0,No Info,8099
Jet Airways,2019-05-06,Kolkata,Banglore,18:55:00,10:05:00,910,1.0,No Info,13584
Multiple Carriers,2019-03-03,Delhi,Cochin,13:00:00,01:35:00,755,1.0,No Info,18286
Jet Airways,2019-03-06,Delhi,Cochin,23:05:00,19:45:00,1240,1.0,No Info,17024
Air India,2019-03-09,Banglore,New Delhi,13:20:00,16:10:00,170,0.0,No Info,8851
Indigo,2019-03-03,Banglore,New Delhi,13:00:00,15:50:00,170,0.0,No Info,12649
Air Asia,2019-06-15,Delhi,Cochin,07:55:00,13:25:00,330,1.0,No Info,6253
Air India,2019-06-03,Banglore,Delhi,10:00:00,12:45:00,165,0.0,No Info,6961
Multiple Carriers,2019-03-06,Delhi,Cochin,02:15:00,13:20:00,665,1.0,No Info,17057
Jet Airways,2019-05-06,Kolkata,Banglore,08:25:00,18:15:00,590,1.0,In-flight meal not included,10844
Air India,2019-05-15,Chennai,Kolkata,11:40:00,13:55:00,135,0.0,No Info,4667
Air India,2019-06-09,Kolkata,Banglore,09:25:00,07:55:00,1350,1.0,No Info,8366
Air India,2019-03-01,Banglore,New Delhi,11:50:00,23:55:00,725,1.0,Change airports,26092
Spicejet,2019-03-21,Chennai,Kolkata,17:45:00,20:05:00,140,0.0,No Info,3384
Jet Airways,2019-05-18,Delhi,Cochin,11:30:00,19:00:00,450,1.0,No Info,15554
Indigo,2019-05-15,Delhi,Cochin,17:05:00,22:15:00,310,1.0,No Info,6027
Goair,2019-04-06,Banglore,Delhi,20:55:00,23:40:00,165,0.0,No Info,3419
Spicejet,2019-04-27,Kolkata,Banglore,06:55:00,09:30:00,155,0.0,No check-in baggage included,3841
Indigo,2019-06-01,Delhi,Cochin,08:35:00,22:30:00,835,1.0,No Info,6442
Jet Airways,2019-06-09,Kolkata,Banglore,21:10:00,23:35:00,1585,1.0,In-flight meal not included,10844
Air India,2019-05-27,Banglore,Delhi,10:00:00,12:45:00,165,0.0,No Info,6961
Indigo,2019-03-24,Kolkata,Banglore,04:15:00,09:50:00,335,1.0,No Info,4150
Air India,2019-05-18,Delhi,Cochin,17:15:00,19:15:00,1560,2.0,No Info,12392
Jet Airways,2019-04-01,Kolkata,Banglore,09:35:00,10:55:00,1520,1.0,No Info,11467
Multiple Carriers,2019-06-06,Delhi,Cochin,13:00:00,21:00:00,480,1.0,No Info,13587
Indigo,2019-03-21,Kolkata,Banglore,17:15:00,19:55:00,160,0.0,No Info,4148
Jet Airways,2019-05-27,Banglore,Delhi,17:45:00,20:45:00,180,0.0,No Info,7229
Jet Airways,2019-03-18,Banglore,New Delhi,22:50:00,05:05:00,375,1.0,No Info,54826
Multiple Carriers,2019-05-15,Delhi,Cochin,03:50:00,12:35:00,525,1.0,No Info,10197
Jet Airways,2019-03-27,Delhi,Cochin,19:10:00,19:45:00,1475,2.0,In-flight meal not included,8834
Indigo,2019-06-09,Kolkata,Banglore,20:20:00,22:55:00,155,0.0,No Info,4804
Indigo,2019-04-21,Banglore,Delhi,18:55:00,21:50:00,175,0.0,No Info,4823
Jet Airways,2019-05-24,Kolkata,Banglore,20:25:00,10:55:00,870,1.0,No Info,13067
Indigo,2019-03-27,Kolkata,Banglore,15:20:00,17:55:00,155,0.0,No Info,5198
Air India,2019-06-15,Delhi,Cochin,07:05:00,09:25:00,1580,2.0,No Info,10975
Vistara,2019-05-12,Banglore,Delhi,21:00:00,23:50:00,170,0.0,No Info,4668
Jet Airways,2019-06-03,Banglore,Delhi,17:45:00,20:45:00,180,0.0,In-flight meal not included,6478
Air India,2019-03-03,Banglore,New Delhi,06:55:00,13:20:00,385,1.0,No Info,10924
Indigo,2019-05-21,Delhi,Cochin,04:55:00,11:50:00,415,1.0,No Info,6794
Jet Airways,2019-04-01,Kolkata,Banglore,16:30:00,19:50:00,1640,1.0,In-flight meal not included,7064
Jet Airways,2019-03-24,Kolkata,Banglore,19:45:00,12:00:00,975,1.0,In-flight meal not included,11134
Jet Airways,2019-06-09,Banglore,Delhi,19:50:00,22:50:00,180,0.0,In-flight meal not included,7229
Air India,2019-05-09,Kolkata,Banglore,08:20:00,20:25:00,725,2.0,No Info,11432
Indigo,2019-06-01,Mumbai,Hyderabad,21:20:00,22:50:00,90,0.0,No Info,2227
Spicejet,2019-06-27,Delhi,Cochin,17:55:00,22:50:00,295,1.0,No Info,4957
Multiple Carriers,2019-05-27,Delhi,Cochin,11:40:00,01:30:00,830,1.0,No Info,6795
Air India,2019-03-01,Banglore,New Delhi,10:30:00,21:25:00,655,2.0,No Info,11213
Air India,2019-05-01,Kolkata,Banglore,10:00:00,13:45:00,1665,2.0,No Info,15164
Indigo,2019-05-03,Banglore,Delhi,04:00:00,06:50:00,170,0.0,No Info,3943
Multiple Carriers,2019-05-15,Delhi,Cochin,12:50:00,01:30:00,760,1.0,No Info,7670
Jet Airways,2019-04-18,Banglore,Delhi,06:00:00,08:45:00,165,0.0,No Info,7229
Indigo,2019-05-09,Delhi,Cochin,07:15:00,12:30:00,315,1.0,No Info,5636
Multiple Carriers,2019-05-27,Delhi,Cochin,10:00:00,01:30:00,930,1.0,No Info,9508
Jet Airways,2019-05-21,Kolkata,Banglore,21:10:00,22:35:00,1525,1.0,In-flight meal not included,10844
Spicejet,2019-03-24,Banglore,New Delhi,20:30:00,23:20:00,170,0.0,No check-in baggage included,5469
